#"Step","Time (ps)","Potential Energy (kJ/mole)","Kinetic Energy (kJ/mole)","Total Energy (kJ/mole)","Temperature (K)","Box Volume (nm^3)","Density (g/mL)","Speed (ns/day)"
500,1.0000000000000007,-31523.176728138213,7878.148078166473,-23645.02864997174,168.94417807549397,52.20361015989463,0.9632941639180695,0
1000,2.0000000000000013,-31746.359379150555,8931.394141920466,-22814.96523723009,191.53067794661348,45.71823090863075,1.0999426706379227,108
1500,2.999999999999891,-31616.23828188958,9624.293643029308,-21991.94463886027,206.38966962108805,42.8684540931217,1.173063831348871,106
2000,3.999999999999781,-31302.51942946187,9850.576717520777,-21451.942711941094,211.24223238749573,41.68753740176245,1.2062941621577892,104
2500,4.999999999999671,-31486.807569637927,10615.424698152508,-20871.382871485417,227.64413447900893,41.336638709441814,1.2165341588597587,104
3000,5.999999999999561,-31151.861739784028,10845.517267807922,-20306.344471976106,232.578390560009,41.04624615513751,1.2251408524037797,103
3500,6.999999999999451,-31075.500337832407,11165.814221082219,-19909.68611675019,239.44704864743161,41.04878507574754,1.2250650758526682,102
4000,7.999999999999341,-30620.62841287462,11200.385189834758,-19420.243223039863,240.1884111914231,41.42037793002765,1.2140747022499938,102
4500,8.999999999999675,-30516.665241118477,11632.205477709602,-18884.459763408875,249.44864886244665,41.24844403383918,1.2191352711686774,102
5000,10.000000000000009,-30204.511788366875,11634.285578590825,-18570.22620977605,249.4932559109821,40.80314014232281,1.2324402687409883,102
5500,11.000000000000343,-30298.962272653855,11973.147477002736,-18325.814795651117,256.76003286671886,41.45235786158545,1.2131380600929023,102
6000,12.000000000000677,-30077.082481372752,12005.153023759916,-18071.929457612838,257.4463808176712,40.88298714977175,1.2300332365210083,102
6500,13.00000000000101,-30142.749166225716,12338.829747088754,-17803.91941913696,264.60196347572577,41.29313922633844,1.2178156939544371,102
7000,14.000000000001345,-29510.980553775593,12212.635890926274,-17298.34466284932,261.8957795990057,41.518015233130455,1.2112195807075161,102
7500,15.000000000001679,-29656.419372188993,12651.042028886428,-17005.377343302564,271.29724856176836,41.12177780142239,1.2228905385686195,102
8000,16.00000000000201,-29598.408638341414,12720.688930829085,-16877.71970751233,272.7908024385755,41.018652549521995,1.225965015349256,102
8500,17.000000000001457,-29335.870829922365,12581.31544443519,-16754.555385487176,269.8019859209488,41.355915540813456,1.2159671076040552,102
9000,18.000000000000902,-29227.854682676774,12500.023726520201,-16727.830956156573,268.0587129675559,41.1028332819165,1.223454175471764,102
9500,19.000000000000348,-29164.52634820051,12726.699039323128,-16437.827308877382,272.9196871497533,41.62709423599905,1.2080457193909067,102
10000,19.999999999999794,-29070.31341597869,12890.78801185083,-16179.52540412786,276.4385187736185,41.54842447890107,1.2103330904404634,101
10500,20.99999999999924,-29162.938711977462,12988.210473507424,-16174.728238470037,278.52770998294335,41.14625759333559,1.2221629850153257,101
11000,21.999999999998685,-29039.56552196824,13016.047201084293,-16023.518320883948,279.1246590392602,41.479493783968444,1.21234442407579,101
11500,22.99999999999813,-28769.91089908657,12923.966951892697,-15845.943947193875,277.1500297403042,41.545688605658896,1.2104127934861317,101
12000,23.999999999997577,-28633.848705811375,13245.809844062536,-15388.038861748839,284.0518399560533,41.6196315086717,1.2082623314913983,101
12500,24.999999999997023,-28392.117536348676,13204.488440478428,-15187.629095870248,283.16571665700155,41.846247252076296,1.201719062155219,101
13000,25.99999999999647,-28511.552210549307,13467.512904344429,-15044.039306204879,288.80618589173713,41.641625741002294,1.2076241526988505,101
13500,26.999999999995914,-28267.55392995976,13333.988495745141,-14933.565434214617,285.94280083727983,41.81040389978482,1.2027492755873457,101
14000,27.99999999999536,-28449.109726404786,13466.841750026833,-14982.267976377952,288.79179321805,42.1077567145002,1.1942558076280418,101
14500,28.999999999994806,-28483.101118296818,13684.546634143968,-14798.55448415285,293.46039963992246,41.69564661954072,1.2060595548820021,101
15000,29.99999999999425,-28435.530625480045,13592.814540406856,-14842.716085073189,291.4932364150383,42.07758153880381,1.1951122465559392,101
15500,30.999999999993697,-28590.826882143745,13454.857414815775,-15135.96946732797,288.5347932680713,41.71684857538225,1.2054465933976595,101
16000,31.999999999993143,-28807.322617742382,13653.572060110298,-15153.750557632084,292.7961605447143,41.359788440909,1.2158532453406166,101
16500,32.999999999994365,-28533.942145921323,13466.263253967842,-15067.678891953481,288.779387568875,41.693132278457135,1.2061322873662836,101
17000,33.99999999999559,-28342.590768181173,13369.475496204177,-14973.115271976996,286.7038073664072,42.083065344290524,1.194956512579783,101
17500,34.99999999999681,-28316.35096309679,13395.30174390251,-14921.04921919428,287.2576423726647,42.06347158752773,1.1955131401325252,101
18000,35.99999999999803,-28626.329179974262,13665.406444346889,-14960.922735627373,293.0499448475788,41.83551636661289,1.2020273052638295,101
18500,36.999999999999254,-28273.130915236972,13547.568280067706,-14725.562635169266,290.52294591171915,42.08370754347355,1.1949382774921227,101
19000,38.000000000000476,-28108.69754216085,13607.564387531867,-14501.133154628984,291.8095418175961,41.80216513436247,1.2029863247715595,101
19500,39.0000000000017,-28370.58514145883,13934.055391138936,-14436.529750319893,298.81102918571327,41.49060898761103,1.2120196408179067,101
20000,40.00000000000292,-28247.954070945005,13971.791343852912,-14276.162727092093,299.6202637230568,41.87144209115546,1.2009959650542534,101
20500,41.00000000000414,-28053.41842076717,13779.506811037385,-14273.911609729787,295.4967879987073,41.37653176870809,1.2153612410915384,101
21000,42.000000000005365,-28214.56176841785,13718.725352151585,-14495.836416266266,294.19335050149283,41.59988367769108,1.2088359042563468,101
21500,43.00000000000659,-28000.526582290844,13695.779548149112,-14304.747034141732,293.70128562037905,41.76567571939711,1.2040373377492297,101
22000,44.00000000000781,-28163.831208373027,13755.971917616542,-14407.859290756485,294.99209029746737,41.594600417332664,1.2089894480997474,101
22500,45.00000000000903,-28209.73958417762,13863.396566157451,-14346.343018020169,297.2957749671031,41.69013073726825,1.2062191246027172,101
23000,46.00000000001025,-28245.6836494901,13821.518312053799,-14424.165337436301,296.39771020003104,41.894292032192034,1.2003409190884313,101
23500,47.000000000011475,-28228.275929531283,13760.196053526843,-14468.07987600444,295.082675440367,41.668758645065324,1.2068377997729454,101
24000,48.0000000000127,-28134.86682954965,13697.179631362207,-14437.687198187443,293.73130992372126,41.81910849904534,1.2024989247111402,101
24500,49.00000000001392,-27912.158771780585,13563.262939766064,-14348.895832014521,290.8595124952112,41.97183159648576,1.1981233863211018,101
25000,50.00000000001514,-27961.33821844845,13391.39246266959,-14569.945755778861,287.17380918011634,42.00596615487407,1.1971497767025063,101
25500,51.000000000016364,-28290.747663930953,13572.375270207802,-14718.372393723152,291.05492328992557,41.532856781974296,1.2107867577340794,101
26000,52.000000000017586,-28264.575173522393,13763.656924477704,-14500.91824904469,295.1568926285205,41.375959645264295,1.2153780464216064,101
26500,53.00000000001881,-28399.87735388984,13684.417060641,-14715.460293248838,293.45762098068144,41.43363030211203,1.2136863855716062,101
27000,54.00000000002003,-27979.587082910606,13231.709075979543,-14747.878006931063,283.74945383048447,41.813323896502375,1.2026652826489839,101
27500,55.00000000002125,-28309.77439015584,13349.407874277926,-14960.366515877913,286.2734641107814,41.49341161846544,1.2119377761673753,101
28000,56.000000000022474,-28460.717095920183,13437.165784941706,-15023.551310978477,288.1554023454541,41.58819129515268,1.2091757644757632,101
28500,57.0000000000237,-28448.030593566018,13512.086070063933,-14935.944523502085,289.7620421122586,41.74750885279269,1.2045612872327487,101
29000,58.00000000002492,-28348.106743220662,13331.771991921638,-15016.334751299024,285.8952686745244,41.4984444896284,1.2117907941115418,101
29500,59.00000000002614,-28393.948209645776,13454.910577679027,-14939.037631966748,288.5359333274035,42.067086960418486,1.1954103941115934,101
30000,60.00000000002736,-28069.43855280614,13213.723968674625,-14855.714584131514,283.3637693852213,41.55303751055977,1.2101987246949424,101
30500,61.000000000028585,-28300.483980427885,13515.580153910914,-14784.903826516971,289.83697153955524,42.01360412826567,1.1969321377179456,101
31000,62.00000000002981,-28129.309757220497,13421.318908679794,-14707.990848540703,287.8155715300684,41.74049758257003,1.2047636208217969,101
31500,63.00000000003103,-28122.048963440415,13413.25145841384,-14708.797505026574,287.6425678316328,42.26334566268058,1.1898592554371623,101
32000,64.00000000003224,-28548.42606038947,13641.92604202292,-14906.500018366549,292.54641568918447,41.44100692244588,1.2134703458482599,101
32500,65.00000000002991,-28316.479232528865,13401.380173223359,-14915.099059305507,287.3879922004938,41.374652707618836,1.2154164376398615,101
33000,66.00000000002758,-28531.984453843637,13382.84984502129,-15149.134608822347,286.9906156804657,41.83820697699935,1.2019500030229824,101
33500,67.00000000002525,-28526.874651684986,13506.277047053238,-15020.597604631748,289.63746961016466,41.65112253031411,1.207348804726231,101
34000,68.00000000002292,-28323.460029062608,13364.762623041448,-14958.69740602116,286.6027414210922,41.43543299747957,1.2136335827729714,101
34500,69.00000000002059,-28662.069417440543,13905.363677790678,-14756.705739649866,298.1957452533596,41.477588597333146,1.2124001105916227,101
35000,70.00000000001826,-28341.900365207664,13623.056322416594,-14718.84404279107,292.1417610371298,41.758150183608244,1.204254325954802,101
35500,71.00000000001593,-28105.398879457764,13387.010698790858,-14718.388180666905,287.0798437596053,41.880886930740466,1.2007251204025884,101
36000,72.0000000000136,-28261.212621940518,13645.762431683126,-14615.450190257392,292.62868574700644,41.66255150163744,1.2070176018985326,101
36500,73.00000000001127,-27978.340530976166,13416.31009183405,-14562.030439142116,287.7081591741773,41.584722456390864,1.2092766293009662,101
37000,74.00000000000894,-27954.375634263666,13401.701538576652,-14552.674095687014,287.3948837700524,41.62658395410584,1.208060528289409,101
37500,75.00000000000661,-28230.946641086488,13468.583085874485,-14762.363555212003,288.829135566863,41.72197426922236,1.2052984999699974,101
38000,76.00000000000428,-28200.745339010777,13523.940932310074,-14676.804406700703,290.0162655590002,41.9289434734257,1.1993489183516488,101
38500,77.00000000000195,-28294.813769337863,13667.540707570752,-14627.273061767111,293.0957133889383,41.68990983665182,1.206225515946551,101
39000,77.99999999999962,-28368.533498561086,13669.258987000936,-14699.27451156015,293.1325613008024,42.05365318259266,1.1957922605234232,101
39500,78.99999999999729,-28130.97617518234,13566.123149370022,-14564.853025812317,290.920848707208,41.88678711873263,1.2005559858275918,101
40000,79.99999999999496,-27834.156126938145,13491.838305067817,-14342.317821870329,289.3278357504088,42.42899970996351,1.1852137299072747,101
40500,80.99999999999262,-27970.097065649195,13654.45609006368,-14315.640975585515,292.81511826325254,42.3390232040242,1.1877324793289246,101
41000,81.9999999999903,-27770.392756537793,13519.40716593061,-14250.985590607183,289.9190404970992,42.2091757832869,1.1913862819939804,101
41500,82.99999999998796,-27882.57618280465,13613.366502055454,-14269.209680749194,291.9339661695582,41.95301599619649,1.1986607353101777,101
42000,83.99999999998563,-28018.805951283204,13543.58822718518,-14475.217724098024,290.43759504546676,41.911418748119125,1.199850410808088,101
42500,84.9999999999833,-27873.139005083074,13411.736418904211,-14461.402586178863,287.61007833001804,42.26664625114122,1.1897663397204774,101
43000,85.99999999998097,-28057.44179479433,13674.667375856006,-14382.774418938323,293.24854234111376,41.92949556766552,1.1993331262792568,101
43500,86.99999999997864,-28125.359022302335,13787.410132205598,-14337.948890096737,295.6662720050477,41.898670588842265,1.2002154792918949,101
44000,87.99999999997631,-27865.600691599295,13496.466356314177,-14369.134335285118,289.4270827188777,41.83197614593908,1.2021290322752844,101
44500,88.99999999997398,-28103.630454023474,13875.074204407216,-14228.556249616258,297.54619790614856,41.938167777614034,1.199085121437356,101
45000,89.99999999997165,-28047.35979395014,13676.600956837692,-14370.75883711245,293.2900073207577,41.554181631814465,1.210165404003042,101
45500,90.99999999996932,-27997.996828824507,13580.00067360868,-14417.996155215827,291.21844744525663,41.37452253725817,1.2154202615195424,101
46000,91.99999999996699,-28225.399503516855,13850.319698676836,-14375.07980484002,297.0153460380713,41.741101164496094,1.2047461997781153,101
46500,92.99999999996466,-28121.484424522267,13772.846620297196,-14348.63780422507,295.3539624971728,42.16227057929555,1.1927116901330967,101
47000,93.99999999996233,-28196.704602266123,13628.507229034214,-14568.19737323191,292.25865385624707,41.90867044416569,1.199929095089708,101
47500,94.99999999996,-28035.42077837088,13397.765800907757,-14637.654977463124,287.31048322832675,42.01945132252693,1.1967655792668828,101
48000,95.99999999995767,-28169.476565709243,13446.263420995703,-14723.21314471354,288.3504980240734,41.915664226407635,1.199728882521168,101
48500,96.99999999995534,-28148.1732199165,13422.608912237167,-14725.564307679335,287.8432352130244,42.20553522165139,1.191489048495306,101
49000,97.999999999953,-28015.632190081236,13348.85221642695,-14666.779973654286,286.2615482191286,41.572071628321915,1.2096446251723738,101
49500,98.99999999995067,-27980.119529014573,13468.458976536873,-14511.6605524777,288.82647408477015,41.84876518046485,1.2016467579300258,101
50000,99.99999999994834,-28336.98657901614,13668.337513724986,-14668.649065291153,293.11280062307975,41.90279877498617,1.2000972362853137,101
50500,100.99999999994601,-28345.121665047187,13554.223148286681,-14790.898516760506,290.66565727361535,41.90095404923054,1.2001500716044913,101
51000,101.99999999994368,-28463.475449123318,13624.342042364686,-14839.133406758632,292.16933285955685,41.73067154409984,1.2050472983483655,101
51500,102.99999999994135,-28386.75169676289,13635.750092847187,-14751.001603915704,292.4139745815818,41.61598557879829,1.208368186000622,101
52000,103.99999999993902,-28326.9660260101,13627.263012780868,-14699.703013229233,292.2319720662903,41.67716233331722,1.2065944557429755,101
52500,104.99999999993669,-28160.983584160822,13383.904522142424,-14777.079062018398,287.01323286887055,42.00275668057844,1.1972412521612616,101
53000,105.99999999993436,-28306.678511794194,13502.72785228486,-14803.950659509335,289.5613583480985,41.8108839273578,1.2027354669145451,101
53500,106.99999999993203,-28413.18378171297,13750.655495540908,-14662.528286172063,294.8780814531351,41.824720530169095,1.202337573689395,101
54000,107.9999999999297,-28034.42027246166,13365.564662413575,-14668.855610048084,286.61994087979286,42.49302326850365,1.1834279873363165,101
54500,108.99999999992737,-28049.183049183877,13531.461222239166,-14517.721826944711,290.1775355920529,42.3364781657882,1.187803879329704,101
55000,109.99999999992504,-28388.486425958155,13659.248348238496,-14729.23807771966,292.9178865928697,41.95459358326273,1.1986156629709814,101
55500,110.99999999992271,-28403.27222749388,13795.039975013042,-14608.232252480837,295.82989136192697,42.18066772853855,1.1921914874869823,101
56000,111.99999999992038,-28390.380205883157,13635.07284703715,-14755.307358846007,292.3994512779327,41.52289789927773,1.2110771537300449,101
56500,112.99999999991805,-28055.25818095944,13401.181661557765,-14654.076519401677,287.38373518604703,42.11800442454457,1.1939652338603006,101
57000,113.99999999991572,-28052.979737606034,13324.359947670247,-14728.619789935787,285.73631993282953,41.78383042057485,1.2035141942783305,101
57500,114.99999999991338,-28239.123379082106,13612.857741576545,-14626.265637505561,291.92305597593224,41.73060307927359,1.2050492753951327,101
58000,115.99999999991105,-28179.846757745814,13487.484466386635,-14692.362291359179,289.23446917616224,41.89609447603329,1.2002892783060606,101
58500,116.99999999990872,-28337.22448246622,13485.876904184555,-14851.347578281664,289.19999555720494,41.903501691248,1.2000771050831678,101
59000,117.9999999999064,-28213.50040382744,13399.325163754187,-14814.175240073251,287.34392322866665,42.048592629741556,1.1959361742564372,101
59500,118.99999999990406,-28310.534676609688,13798.700229050566,-14511.834447559122,295.9083842518525,41.678019719386576,1.2065696340915466,101
60000,119.99999999990173,-27984.596006411055,13357.296776629813,-14627.299229781242,286.44263891056096,41.63333501598979,1.2078646349894149,101
60500,120.9999999998994,-28301.060535769317,13696.588658293102,-14604.471877476215,293.7186367093523,41.952362955929814,1.1986793939427574,101
61000,121.99999999989707,-28476.57493549788,13846.750510382095,-14629.824425115785,296.9388060217034,41.54338759239712,1.2104798360662257,101
61500,122.99999999989474,-27951.660236253367,13416.07017811643,-14535.590058136937,287.7030143069534,41.956301983912205,1.1985668570543426,101
62000,123.99999999989241,-28237.441181483526,13807.209607743449,-14430.231573740077,296.0908649535274,41.67191749475705,1.2067463180403792,101
62500,124.99999999989008,-27974.89457364185,13494.996565448728,-14479.898008193122,289.39556355888703,42.29052522947922,1.1890945484741096,101
63000,125.99999999988775,-28235.992728507506,13597.059577463318,-14638.933151044188,291.58426977583434,42.23119472908418,1.1907651044465506,101
63500,126.99999999988542,-28163.90868327608,13578.357155917183,-14585.551527358897,291.1832027731856,41.859923940527835,1.2013264303567779,101
64000,127.99999999988309,-28198.932054951318,13585.129721623625,-14613.802333327692,291.3284381172518,42.00369086429999,1.197214624899097,101
64500,128.99999999988785,-27969.69505123765,13362.499289621239,-14607.19576161641,286.5542050137292,42.2187924179075,1.1911149069519724,101
65000,129.99999999989262,-28372.894929850514,13630.08629558584,-14742.808634264675,292.2925163957733,41.77905563911248,1.2036517396865891,101
65500,130.9999999998974,-27906.262832692617,13386.267701913566,-14519.99513077905,287.0639104469154,42.36866513466498,1.186901518908997,101
66000,131.99999999990217,-27888.843922818978,13182.996551601982,-14705.847371216996,282.7048304861026,41.62383223961717,1.2081403920953109,101
66500,132.99999999990695,-28044.381649571234,13480.476028800906,-14563.905620770329,289.0841756407061,42.22325640120918,1.1909889783167082,101
67000,133.99999999991172,-28336.278502406065,13550.413988971257,-14785.864513434808,290.5839711611791,42.02382547395634,1.196641011029456,101
67500,134.9999999999165,-28368.16733649768,13615.47652386791,-14752.690812629771,291.9792148621811,42.178861385645334,1.1922425440245472,101
68000,135.99999999992127,-28167.35922147325,13416.11264884027,-14751.24657263298,287.70392507703036,41.89424907486762,1.2003421498882525,101
68500,136.99999999992605,-28137.17450530546,13477.203591529442,-14659.970913776016,289.0139993480488,42.06334722226746,1.1955166748084998,101
69000,137.99999999993082,-28048.606986754967,13360.044702585757,-14688.56228416921,286.5015672383143,41.99212171320531,1.1975444666961563,101
69500,138.9999999999356,-28129.264349226083,13407.569131656668,-14721.695217569415,287.5207122871543,41.74359252242974,1.204674297629271,101
70000,139.99999999994037,-28236.809857626366,13755.177523407312,-14481.632334219054,294.97505478665767,41.687852425779006,1.2062850465135426,101
70500,140.99999999994515,-28103.422022852978,13787.280199798046,-14316.141823054932,295.66348564922123,41.42058125077519,1.2140687427349754,101
71000,141.99999999994992,-28147.838040710805,13962.67147077939,-14185.166569931414,299.42469117919603,41.66036165614492,1.2070810478685106,101
71500,142.9999999999547,-27918.541571580514,13589.121602248331,-14329.419969332183,291.41404262537037,41.951687859449635,1.198698683374983,101
72000,143.99999999995947,-27870.568840148913,13710.70058147738,-14159.868258671533,294.0212620522346,42.28355653890232,1.1892905213925034,101
72500,144.99999999996425,-28000.323193180273,13616.871633449588,-14383.451559730685,292.00913250770685,42.30066847108472,1.1888094164955167,101
73000,145.99999999996902,-28077.055819908153,13473.79631802733,-14603.259501880824,288.940931538764,41.923341896882036,1.199509169048867,101
73500,146.9999999999738,-28236.799156659206,13495.189705956143,-14741.609450703063,289.39970539069253,41.68967847003555,1.2062322101770255,101
74000,147.99999999997857,-28225.26463234939,13524.892489964841,-14700.372142384549,290.0366713858876,42.39093196217847,1.186278071153222,101
74500,148.99999999998334,-28307.765824700473,13677.569729891411,-14630.196094809062,293.3107823259592,42.0279874786236,1.1965225084369762,101
75000,149.99999999998812,-28004.09110104851,13323.213782163453,-14680.877318885057,285.71174080743583,42.36194926340998,1.1870896848912516,101
75500,150.9999999999929,-28274.693891632192,13509.518752327172,-14765.17513930502,289.7069868656966,42.22615614419139,1.1909071910491207,101
76000,151.99999999999767,-28189.216395038013,13469.319031684785,-14719.897363353228,288.84491767184437,41.582892976161666,1.2093298326143143,101
76500,153.00000000000244,-28011.607819852547,13606.840745734597,-14404.76707411795,291.79402356794554,42.13961650950859,1.1933528866152219,101
77000,154.00000000000722,-27944.910920997056,13637.429856259503,-14307.481064737553,292.44999653067936,41.76487836695059,1.204060324578223,101
77500,155.000000000012,-28033.82407353546,13635.075235993547,-14398.748837541913,292.3995025082816,42.63008530928306,1.1796230910082186,101
78000,156.00000000001677,-28202.45364302125,13669.527206433166,-14532.926436588084,293.13831317434835,41.85166857538584,1.2015633955406024,101
78500,157.00000000002154,-28243.803419671873,13639.8159218608,-14603.987497811073,292.50116488748677,41.82937701389991,1.2022037283933253,101
79000,158.00000000002632,-28114.484969426652,13670.215669716556,-14444.269299710097,293.15307703285845,42.1896747116282,1.1919369690854822,101
79500,159.0000000000311,-27826.883724405285,13521.4199880865,-14305.463736318785,289.96220477649143,42.02525216086894,1.1966003870716755,101
80000,160.00000000003587,-27730.703072162338,13461.009265666002,-14269.693806496336,288.66671759536536,42.02135633680614,1.1967113245803112,101
80500,161.00000000004064,-27965.336179327056,13803.747559556274,-14161.588619770782,296.01662251994566,42.245147234803646,1.190371824791541,101
81000,162.00000000004542,-27993.12344621847,13556.909664070103,-14436.213782148367,290.7232686813236,41.72114917746212,1.2053223363666585,101
81500,163.0000000000502,-28097.404025006665,13777.82469679609,-14319.579328210575,295.4607156368902,41.74550090337618,1.204619226365865,101
82000,164.00000000005497,-28131.08831458591,13807.94261122011,-14323.1457033658,296.10658396117515,41.68496810924602,1.2063685132417417,101
82500,165.00000000005974,-28134.98621369707,13753.381598794955,-14381.604614902115,294.93654180054597,41.66161108322253,1.2070448476422866,101
83000,166.00000000006452,-28038.587415943006,13753.066507719774,-14285.520908223232,294.92978478072513,41.83512288575222,1.202038610949244,101
83500,167.0000000000693,-27988.496320903912,13733.115100455532,-14255.38122044838,294.50193370858693,41.523574878444585,1.2110574089463906,101
84000,168.00000000007407,-28038.79268378663,13673.027898556978,-14365.76478522965,293.2133843138706,42.17135361090853,1.1924547992093049,101
84500,169.00000000007884,-27946.454959275372,13650.818057350227,-14295.636901925145,292.7371019019849,42.014487338516744,1.196906976331937,101
85000,170.00000000008362,-27724.43536861307,13377.669803247993,-14346.765565365078,286.87953146484756,42.17566220525323,1.1923329800430955,101
85500,171.0000000000884,-27826.59549193715,13674.249424563382,-14152.346067373768,293.2395795192796,42.1020315516761,1.194418206179853,101
86000,172.00000000009317,-27930.517636839195,13671.739846487264,-14258.77779035193,293.1857624798968,41.74748060497528,1.204562102281389,101
86500,173.00000000009794,-27927.311356195034,13609.78816146529,-14317.523194729743,291.85722988536025,42.05633046154826,1.1957161371569947,101
87000,174.00000000010272,-28053.73398857362,13865.227211770294,-14188.506776803324,297.3350325331378,42.05193244415966,1.1958411915851124,101
87500,175.0000000001075,-27737.516634339725,13735.774606741232,-14001.742027598493,294.55896590689883,42.54390204606671,1.1820127111995768,101
88000,176.00000000011227,-27941.100751956288,13964.893981495889,-13976.2067704604,299.47235215770735,42.12945455317894,1.1936407327325822,101
88500,177.00000000011704,-27862.238345047877,13876.90969409052,-13985.328650957357,297.5855593516095,42.48804729375874,1.1835665841453598,101
89000,178.00000000012182,-27988.795886464777,13797.457828299923,-14191.338058164854,295.8817413947273,42.190784328306904,1.1919056211700092,101
89500,179.0000000001266,-27927.72575626858,13814.873481845658,-14112.852274422923,296.2552140998274,42.0792918345997,1.195063671702091,101
90000,180.00000000013137,-27565.915583865397,13488.393979700213,-14077.521604165184,289.253973376602,42.426587976697306,1.1852811032105803,101
90500,181.00000000013614,-27876.524024303475,13822.472416701385,-14054.05160760209,296.4181706463041,41.81440569625562,1.2026341679414005,101
91000,182.00000000014091,-27920.96587890687,13785.806485169229,-14135.159393737642,295.6318823454736,42.190732937441624,1.191907072983167,101
91500,183.0000000001457,-27822.07740159284,13785.043277339759,-14037.034124253081,295.6155156158601,42.648439067194616,1.1791154401512873,101
92000,184.00000000015046,-28058.247352401213,14009.676373308735,-14048.570979092478,300.4326951598964,42.57629676271516,1.181113361801775,101
92500,185.00000000015524,-27918.700224027743,14058.207194484261,-13860.493029543482,301.47342194155596,41.74459418667574,1.204645391391337,101
93000,186.00000000016001,-28051.868604667627,14116.035911457748,-13935.832693209879,302.7135389032214,42.330256151658766,1.187978471529045,101
93500,187.0000000001648,-27503.864001799644,13599.462300767906,-13904.401701031738,291.6357953513641,42.34866521999422,1.1874620543822516,101
94000,188.00000000016956,-27840.445551054243,13822.179862024755,-14018.265689029487,296.4118969118052,42.072351267245466,1.1952608182759386,101
94500,189.00000000017434,-27819.553556027735,13754.906126903134,-14064.647429124601,294.9692347818956,42.34493784480601,1.1875665796649348,101
95000,190.0000000001791,-28098.432768651062,13823.076790675663,-14275.3559779754,296.431131238479,41.96111693799605,1.1984293239092725,101
95500,191.0000000001839,-27688.890809763223,13457.20805242232,-14231.682757340903,288.58520188370676,42.33536357827884,1.187835151326814,101
96000,192.00000000018866,-27830.03132963008,13526.102809488277,-14303.928520141804,290.0626262721206,41.923125612779145,1.1995153573938617,101
96500,193.00000000019344,-28089.12963240467,13757.628840218978,-14331.500792185692,295.02762243324673,42.07506083817223,1.1951838452686847,101
97000,194.0000000001982,-28027.80205972849,13619.197524447402,-14408.604535281087,292.0590104408226,42.169970488463406,1.1924939102397012,101
97500,195.000000000203,-28109.449845666793,13738.130927558532,-14371.318918108262,294.60949639703574,42.13098486076273,1.1935973765786339,101
98000,196.00000000020776,-27965.88426677838,13635.198325469326,-14330.685941309053,292.40214211978787,42.41766456664586,1.1855304509627076,101
98500,197.00000000021254,-28128.328475336453,13695.967800246268,-14432.360675090185,293.70532262190653,41.70338060083553,1.2058358885531937,101
99000,198.0000000002173,-27979.29971871154,13642.886741403685,-14336.412977307855,292.5670175572441,42.015417490284285,1.1968804787935068,101
99500,199.0000000002221,-27826.832120984567,13427.4751638382,-14399.356957146367,287.94759030623766,42.27728295765695,1.189467001766556,101
100000,200.00000000022686,-28298.517315329802,13716.626697105847,-14581.890618223955,294.14834556527575,41.68485691162561,1.2063717313242288,101
